match_key,understat_match_id,league,season,source_datetime,source_date,source_timezone,is_result,home_team_key,away_team_key,home_team_name,away_team_name,home_goals,away_goals,home_xg,away_xg,source,source_url,fetched_at_utc,canonical_date,calendar_source,kickoff_datetime_utc,kickoff_datetime_kst,display_date,display_time,time_confirmation_status,source_policy,schedule_status,schedule_notice
understat:31180,31180,EPL,2026/27,2026-08-21 19:00:00,2026-08-21,UNVERIFIED,True,understat:83,understat:294,Arsenal,Coventry,3.0,0.0,1.85424,0.558336,Understat,https://understat.com/match/31180,2026-10-06T04:29:37.515951+00:00,2026-08-21,Understat,,,2026-08-21,,UNVERIFIED_SOURCE_TIMEZONE,UNDERSTAT_PRIMARY_V1,COMPLETED_SOURCE_RECORD,
understat:31184,31184,EPL,2026/27,2026-08-22 14:00:00,2026-08-22,UNVERIFIED,True,understat:249,understat:245,Nottingham Forest,Leeds,0.0,1.0,0.656681,0.466247,Understat,https://understat.com/match/31184,2026-10-06T04:29:37.515951+00:00,2026-08-22,Understat,,,2026-08-22,,UNVERIFIED_SOURCE_TIMEZONE,UNDERSTAT_PRIMARY_V1,COMPLETED_SOURCE_RECORD,
understat:31197,31197,EPL,2026/27,2026-08-30 13:00:00,2026-08-30,UNVERIFIED,True,understat:245,understat:244,Leeds,Brentford,1.0,1.0,1.14993,1.61344,Understat,https://understat.com/match/31197,2026-10-06T04:29:37.515951+00:00,2026-08-30,Understat,,,2026-08-30,,UNVERIFIED_SOURCE_TIMEZONE,UNDERSTAT_PRIMARY_V1,COMPLETED_SOURCE_RECORD,
understat:31199,31199,EPL,2026/27,2026-08-31 19:00:00,2026-08-31,UNVERIFIED,True,understat:71,understat:83,Aston Villa,Arsenal,0.0,1.0,0.281925,1.52441,Understat,https://understat.com/match/31199,2026-10-06T04:29:37.515951+00:00,2026-08-31,Understat,,,2026-08-31,,UNVERIFIED_SOURCE_TIMEZONE,UNDERSTAT_PRIMARY_V1,COMPLETED_SOURCE_RECORD,
understat:31206,31206,EPL,2026/27,2026-09-05 14:00:00,2026-09-05,UNVERIFIED,True,understat:220,understat:245,Brighton,Leeds,1.0,1.0,2.22026,2.23407,Understat,https://understat.com/match/31206,2026-10-06T04:29:37.515951+00:00,2026-09-05,Understat,,,2026-09-05,,UNVERIFIED_SOURCE_TIMEZONE,UNDERSTAT_PRIMARY_V1,COMPLETED_SOURCE_RECORD,
understat:31209,31209,EPL,2026/27,2026-09-06 15:30:00,2026-09-06,UNVERIFIED,True,understat:83,understat:80,Arsenal,Chelsea,2.0,1.0,2.80555,0.430508,Understat,https://understat.com/match/31209,2026-10-06T04:29:37.515951+00:00,2026-09-06,Understat,,,2026-09-06,,UNVERIFIED_SOURCE_TIMEZONE,UNDERSTAT_PRIMARY_V1,COMPLETED_SOURCE_RECORD,
understat:31216,31216,EPL,2026/27,2026-09-12 19:00:00,2026-09-12,UNVERIFIED,True,understat:77,understat:83,Sunderland,Arsenal,0.0,2.0,2.07033,1.98905,Understat,https://understat.com/match/31216,2026-10-06T04:29:37.515951+00:00,2026-09-12,Understat,,,2026-09-12,,UNVERIFIED_SOURCE_TIMEZONE,UNDERSTAT_PRIMARY_V1,COMPLETED_SOURCE_RECORD,
understat:31219,31219,EPL,2026/27,2026-09-14 19:00:00,2026-09-14,UNVERIFIED,True,understat:245,understat:86,Leeds,Newcastle United,4.0,1.0,2.2902,0.793165,Understat,https://understat.com/match/31219,2026-10-06T04:29:37.515951+00:00,2026-09-14,Understat,,,2026-09-14,,UNVERIFIED_SOURCE_TIMEZONE,UNDERSTAT_PRIMARY_V1,COMPLETED_SOURCE_RECORD,
understat:31224,31224,EPL,2026/27,2026-09-19 14:00:00,2026-09-19,UNVERIFIED,True,understat:220,understat:83,Brighton,Arsenal,3.0,0.0,2.11268,1.23979,Understat,https://understat.com/match/31224,2026-10-06T04:29:37.515951+00:00,2026-09-19,Understat,,,2026-09-19,,UNVERIFIED_SOURCE_TIMEZONE,UNDERSTAT_PRIMARY_V1,COMPLETED_SOURCE_RECORD,
understat:31225,31225,EPL,2026/27,2026-09-20 13:00:00,2026-09-20,UNVERIFIED,True,understat:245,understat:78,Leeds,Crystal Palace,0.0,0.0,1.08552,1.12905,Understat,https://understat.com/match/31225,2026-10-06T04:29:37.515951+00:00,2026-09-20,Understat,,,2026-09-20,,UNVERIFIED_SOURCE_TIMEZONE,UNDERSTAT_PRIMARY_V1,COMPLETED_SOURCE_RECORD,
understat:30793,30793,La_liga,2026/27,2026-08-29 17:00:00,2026-08-29,UNVERIFIED,True,understat:140,understat:141,Real Sociedad,Espanyol,2.0,1.0,2.91657,0.929949,Understat,https://understat.com/match/30793,2026-10-06T04:29:41.164790+00:00,2026-08-29,Understat,,,2026-08-29,,UNVERIFIED_SOURCE_TIMEZONE,UNDERSTAT_PRIMARY_V1,COMPLETED_SOURCE_RECORD,
understat:30795,30795,La_liga,2026/27,2026-08-30 15:00:00,2026-08-30,UNVERIFIED,True,understat:150,understat:137,Real Madrid,Malaga,4.0,0.0,3.40784,0.760169,Understat,https://understat.com/match/30795,2026-10-06T04:29:41.164790+00:00,2026-08-30,Understat,,,2026-08-30,,UNVERIFIED_SOURCE_TIMEZONE,UNDERSTAT_PRIMARY_V1,COMPLETED_SOURCE_RECORD,
understat:30806,30806,La_liga,2026/27,2026-09-06 16:30:00,2026-09-06,UNVERIFIED,True,understat:137,understat:151,Malaga,Levante,0.0,0.0,1.72661,1.19172,Understat,https://understat.com/match/30806,2026-10-06T04:29:41.164790+00:00,2026-09-06,Understat,,,2026-09-06,,UNVERIFIED_SOURCE_TIMEZONE,UNDERSTAT_PRIMARY_V1,COMPLETED_SOURCE_RECORD,
understat:30808,30808,La_liga,2026/27,2026-09-06 19:00:00,2026-09-06,UNVERIFIED,True,understat:141,understat:138,Espanyol,Sevilla,1.0,1.0,1.81745,0.372572,Understat,https://understat.com/match/30808,2026-10-06T04:29:41.164790+00:00,2026-09-06,Understat,,,2026-09-06,,UNVERIFIED_SOURCE_TIMEZONE,UNDERSTAT_PRIMARY_V1,COMPLETED_SOURCE_RECORD,
understat:30820,30820,La_liga,2026/27,2026-09-12 14:15:00,2026-09-12,UNVERIFIED,True,understat:157,understat:141,Osasuna,Espanyol,0.0,2.0,1.10365,1.40951,Understat,https://understat.com/match/30820,2026-10-06T04:29:41.164790+00:00,2026-09-12,Understat,,,2026-09-12,,UNVERIFIED_SOURCE_TIMEZONE,UNDERSTAT_PRIMARY_V1,COMPLETED_SOURCE_RECORD,
understat:30811,30811,La_liga,2026/27,2026-09-13 12:00:00,2026-09-13,UNVERIFIED,True,understat:152,understat:137,Celta Vigo,Malaga,1.0,1.0,1.48145,0.548065,Understat,https://understat.com/match/30811,2026-10-06T04:29:41.164790+00:00,2026-09-13,Understat,,,2026-09-13,,UNVERIFIED_SOURCE_TIMEZONE,UNDERSTAT_PRIMARY_V1,COMPLETED_SOURCE_RECORD,
understat:30829,30829,La_liga,2026/27,2026-09-15 17:00:00,2026-09-15,UNVERIFIED,True,understat:145,understat:141,Rayo Vallecano,Espanyol,2.0,1.0,1.8328,1.1573,Understat,https://understat.com/match/30829,2026-10-06T04:29:41.164790+00:00,2026-09-15,Understat,,,2026-09-15,,UNVERIFIED_SOURCE_TIMEZONE,UNDERSTAT_PRIMARY_V1,COMPLETED_SOURCE_RECORD,
understat:30828,30828,La_liga,2026/27,2026-09-17 19:30:00,2026-09-17,UNVERIFIED,True,understat:137,understat:154,Malaga,Villarreal,1.0,3.0,0.361392,4.2474,Understat,https://understat.com/match/30828,2026-10-06T04:29:41.164790+00:00,2026-09-17,Understat,,,2026-09-17,,UNVERIFIED_SOURCE_TIMEZONE,UNDERSTAT_PRIMARY_V1,COMPLETED_SOURCE_RECORD,
understat:30834,30834,La_liga,2026/27,2026-09-18 19:00:00,2026-09-18,UNVERIFIED,True,understat:141,understat:207,Espanyol,Elche,1.0,3.0,1.07744,1.25113,Understat,https://understat.com/match/30834,2026-10-06T04:29:41.164790+00:00,2026-09-18,Understat,,,2026-09-18,,UNVERIFIED_SOURCE_TIMEZONE,UNDERSTAT_PRIMARY_V1,COMPLETED_SOURCE_RECORD,
understat:30835,30835,La_liga,2026/27,2026-09-20 12:00:00,2026-09-20,UNVERIFIED,True,understat:142,understat:137,Getafe,Malaga,1.0,0.0,1.18796,0.660498,Understat,https://understat.com/match/30835,2026-10-06T04:29:41.164790+00:00,2026-09-20,Understat,,,2026-09-20,,UNVERIFIED_SOURCE_TIMEZONE,UNDERSTAT_PRIMARY_V1,COMPLETED_SOURCE_RECORD,
